<?xml version="1.0" encoding="utf-8"?>
<productAdditionalComps>
   <dependsOn>
      <component>
         <name>BubbleAnalyser_MacOs</name>
         <locale/>
         <platformList>
            <platform>maci64</platform>
         </platformList>
         <version>1.2</version>
      </component>
   </dependsOn>
   <isControllingProduct>true</isControllingProduct>
   <platform>maci64</platform>
   <productName>BubbleAnalyser_MacOs</productName>
   <productNumber>5000</productNumber>
   <productBaseCode>BubbleAnalyser_MacOs</productBaseCode>
   <productVersion>1.2</productVersion>
   <releaseFamily>R2020b</releaseFamily>
   <releaseDescription>R2020b</releaseDescription>
</productAdditionalComps>