<?xml version="1.0" encoding="utf-8"?>
<toolset id="apps_toolset" template="true">
   <tool id="favorites" quick_access_eligible="false" toolset_id="apps_toolset" type="group">
      <child_tool id="cftool" toolset_id="curvefit_toolset"/>
      <child_tool id="pidTuner" toolset_id="control_toolset"/>
      <child_tool id="modbusExplorer" toolset_id="modbusapplet_toolset"/>
      <child_tool id="systemIdentification" toolset_id="ident_toolset"/>
      <child_tool id="imaqtool" toolset_id="imaq_toolset"/>
      <child_tool id="tmtool" toolset_id="instrument_toolset"/>
      <child_tool id="simBiologyModelBuilder" toolset_id="simbio_toolset"/>
      <child_tool id="simBiologyModelAnalyzer" toolset_id="simbio_toolset"/>
      <child_tool id="applicationCompiler" toolset_id="compiler_toolset"/>
      <child_tool id="dfittool" toolset_id="stats_toolset"/>
      <child_tool id="optimtool" toolset_id="optim_toolset"/>
      <child_tool id="ml_regression_2" toolset_id="mlearnapp_toolset"/>
   </tool>
   <tool id="code_verify_products" quick_access_eligible="false" toolset_id="apps_toolset" type="group"/>
   <tool id="simulation_products" quick_access_eligible="false" toolset_id="apps_toolset" type="group"/>
   <tool id="internal" quick_access_eligible="false" toolset_id="apps_toolset" type="group"/>
   <tool id="learning_products" quick_access_eligible="false" toolset_id="apps_toolset" type="group">
      <child_tool id="ml_classification_2" toolset_id="mlearnapp_toolset"/>
      <child_tool id="deepNetworkDesigner" toolset_id="nnet_deepapp_toolset"/>
      <child_tool id="experimentManager" toolset_id="experiments_toolset"/>
      <child_tool id="nctool_2" toolset_id="nnet_toolset"/>
      <child_tool id="nftool_2" toolset_id="nnet_toolset"/>
      <child_tool id="nprtool_2" toolset_id="nnet_toolset"/>
      <child_tool id="ntstool_2" toolset_id="nnet_toolset"/>
      <child_tool id="ml_regression_2" toolset_id="mlearnapp_toolset"/>
   </tool>
   <tool id="my_apps" quick_access_eligible="false" toolset_id="apps_toolset" type="group">
      <child_tool id="84060fe9-3bcc-42d7-b843-91b62509520d" toolset_id="user_apps_toolset"/>
      <child_tool id="5a538be9-cffc-4af9-a131-c002825b9b65" toolset_id="user_apps_toolset"/>
      <child_tool id="d0580ad9-e16d-4d42-82ea-a153234dcdea" toolset_id="user_apps_toolset"/>
   </tool>
   <tool id="control_products" quick_access_eligible="false" toolset_id="apps_toolset" type="group">
      <child_tool id="controlSystemDesigner" toolset_id="control_toolset"/>
      <child_tool id="controlSystemTuner" toolset_id="control_toolset"/>
      <child_tool id="linearSystemAnalyzer" toolset_id="control_toolset"/>
      <child_tool id="modelReducer" toolset_id="control_toolset"/>
      <child_tool id="mpcDesigner" toolset_id="mpc_toolset"/>
      <child_tool id="pidTuner" toolset_id="control_toolset"/>
      <child_tool id="systemIdentification" toolset_id="ident_toolset"/>
   </tool>
   <tool id="signal_products" quick_access_eligible="false" toolset_id="apps_toolset" type="group"/>
   <tool id="verification_products" quick_access_eligible="false" toolset_id="apps_toolset" type="group"/>
   <tool id="automotive_products" quick_access_eligible="false" toolset_id="apps_toolset" type="group"/>
   <tool id="deployment_products" quick_access_eligible="false" toolset_id="apps_toolset" type="group">
      <child_tool id="applicationCompiler" toolset_id="compiler_toolset"/>
      <child_tool id="hadoopCompiler" toolset_id="compiler_toolset"/>
      <child_tool id="webApplicationCompiler" toolset_id="compiler_toolset"/>
   </tool>
   <tool id="finance_products" quick_access_eligible="false" toolset_id="apps_toolset" type="group"/>
   <tool id="image_products" quick_access_eligible="false" toolset_id="apps_toolset" type="group">
      <child_tool id="colorThresholder" toolset_id="image_toolset"/>
      <child_tool id="dicomBrowser" toolset_id="image_toolset"/>
      <child_tool id="hyperspectralViewer" toolset_id="image_toolset"/>
      <child_tool id="imaqtool" toolset_id="imaq_toolset"/>
      <child_tool id="imageBatchProcessor" toolset_id="image_toolset"/>
      <child_tool id="imageBrowser" toolset_id="image_toolset"/>
      <child_tool id="imageRegionAnalyzer" toolset_id="image_toolset"/>
      <child_tool id="imageSegmenter" toolset_id="image_toolset"/>
      <child_tool id="imtool" toolset_id="image_toolset"/>
      <child_tool id="registrationEstimator" toolset_id="image_toolset"/>
      <child_tool id="implay" toolset_id="image_toolset"/>
      <child_tool id="volumeSegmenter" toolset_id="image_toolset"/>
      <child_tool id="volumeViewer" toolset_id="image_toolset"/>
   </tool>
   <tool id="test_products" quick_access_eligible="false" toolset_id="apps_toolset" type="group">
      <child_tool id="tmtool" toolset_id="instrument_toolset"/>
      <child_tool id="modbusExplorer" toolset_id="modbusapplet_toolset"/>
      <child_tool id="raspiMonitorApp" toolset_id="hwspkg_toolset"/>
   </tool>
   <tool id="math_products" quick_access_eligible="false" toolset_id="apps_toolset" type="group">
      <child_tool id="cftool" toolset_id="curvefit_toolset"/>
      <child_tool id="dfittool" toolset_id="stats_toolset"/>
      <child_tool id="optimtool" toolset_id="optim_toolset"/>
   </tool>
   <tool id="code_gen_products" quick_access_eligible="false" toolset_id="apps_toolset" type="group"/>
   <tool id="database_products" quick_access_eligible="false" toolset_id="apps_toolset" type="group">
      <child_tool id="report" toolset_id="rptgen_toolset"/>
   </tool>
   <tool id="biology_products" quick_access_eligible="false" toolset_id="apps_toolset" type="group">
      <child_tool id="simBiologyModelAnalyzer" toolset_id="simbio_toolset"/>
      <child_tool id="simBiologyModelBuilder" toolset_id="simbio_toolset"/>
   </tool>
   <tool id="apps" quick_access_eligible="false" toolset_id="apps_toolset" type="gallery">
      <child_tool id="favorites" toolset_id="apps_toolset"/>
      <child_tool id="my_apps" toolset_id="apps_toolset"/>
      <child_tool id="learning_products" toolset_id="apps_toolset"/>
      <child_tool id="math_products" toolset_id="apps_toolset"/>
      <child_tool id="control_products" toolset_id="apps_toolset"/>
      <child_tool id="automotive_products" toolset_id="apps_toolset"/>
      <child_tool id="signal_products" toolset_id="apps_toolset"/>
      <child_tool id="image_products" toolset_id="apps_toolset"/>
      <child_tool id="test_products" toolset_id="apps_toolset"/>
      <child_tool id="finance_products" toolset_id="apps_toolset"/>
      <child_tool id="biology_products" toolset_id="apps_toolset"/>
      <child_tool id="code_gen_products" toolset_id="apps_toolset"/>
      <child_tool id="code_verify_products" toolset_id="apps_toolset"/>
      <child_tool id="deployment_products" toolset_id="apps_toolset"/>
      <child_tool id="database_products" toolset_id="apps_toolset"/>
      <child_tool id="verification_products" toolset_id="apps_toolset"/>
      <child_tool id="simulation_products" toolset_id="apps_toolset"/>
      <child_tool id="internal" toolset_id="apps_toolset"/>
   </tool>
   <toolset id="hwspkg_toolset" template="true">
      <tool id="raspiMonitorApp" toolset_id="hwspkg_toolset"/>
   </toolset>
   <toolset id="user_apps_toolset" template="true">
      <tool id="84060fe9-3bcc-42d7-b843-91b62509520d" toolset_id="user_apps_toolset"/>
      <tool id="d0580ad9-e16d-4d42-82ea-a153234dcdea" toolset_id="user_apps_toolset"/>
      <tool id="5a538be9-cffc-4af9-a131-c002825b9b65" toolset_id="user_apps_toolset"/>
   </toolset>
   <toolset id="optim_toolset" template="true">
      <tool id="optimtool" toolset_id="optim_toolset"/>
   </toolset>
   <toolset id="curvefit_toolset" template="true">
      <tool id="cftool" toolset_id="curvefit_toolset"/>
   </toolset>
   <toolset id="instrument_toolset" template="true">
      <tool id="tmtool" toolset_id="instrument_toolset"/>
   </toolset>
   <toolset id="stats_toolset" template="true">
      <tool id="dfittool" toolset_id="stats_toolset"/>
   </toolset>
   <toolset id="simbio_toolset" template="true">
      <tool id="simBiologyModelAnalyzer" toolset_id="simbio_toolset"/>
      <tool id="simBiologyModelBuilder" toolset_id="simbio_toolset"/>
   </toolset>
   <toolset id="experiments_toolset" template="true">
      <tool id="experimentManager" toolset_id="experiments_toolset"/>
   </toolset>
   <toolset id="nnet_toolset" template="true">
      <tool id="ntstool_2" toolset_id="nnet_toolset"/>
      <tool id="nctool_2" toolset_id="nnet_toolset"/>
      <tool id="nftool_2" toolset_id="nnet_toolset"/>
      <tool id="nprtool_2" toolset_id="nnet_toolset"/>
   </toolset>
   <toolset id="modbusapplet_toolset" template="true">
      <tool id="modbusExplorer" toolset_id="modbusapplet_toolset"/>
   </toolset>
   <toolset id="nnet_deepapp_toolset" template="true">
      <tool id="deepNetworkDesigner" toolset_id="nnet_deepapp_toolset"/>
   </toolset>
   <toolset id="mlearnapp_toolset" template="true">
      <tool id="ml_regression_2" toolset_id="mlearnapp_toolset"/>
      <tool id="ml_classification_2" toolset_id="mlearnapp_toolset"/>
   </toolset>
   <toolset id="control_toolset" template="true">
      <tool id="controlSystemTuner" toolset_id="control_toolset"/>
      <tool id="pidTuner" toolset_id="control_toolset"/>
      <tool id="controlSystemDesigner" toolset_id="control_toolset"/>
      <tool id="linearSystemAnalyzer" toolset_id="control_toolset"/>
      <tool id="modelReducer" toolset_id="control_toolset"/>
   </toolset>
   <toolset id="ident_toolset" template="true">
      <tool id="systemIdentification" toolset_id="ident_toolset"/>
   </toolset>
   <toolset id="rptgen_toolset" template="true">
      <tool id="report" toolset_id="rptgen_toolset"/>
   </toolset>
   <toolset id="image_toolset" template="true">
      <tool id="dicomBrowser" toolset_id="image_toolset"/>
      <tool id="hyperspectralViewer" toolset_id="image_toolset"/>
      <tool id="volumeViewer" toolset_id="image_toolset"/>
      <tool id="colorThresholder" toolset_id="image_toolset"/>
      <tool id="implay" toolset_id="image_toolset"/>
      <tool id="imageBrowser" toolset_id="image_toolset"/>
      <tool id="imageBatchProcessor" toolset_id="image_toolset"/>
      <tool id="volumeSegmenter" toolset_id="image_toolset"/>
      <tool id="registrationEstimator" toolset_id="image_toolset"/>
      <tool id="imageRegionAnalyzer" toolset_id="image_toolset"/>
      <tool id="imageSegmenter" toolset_id="image_toolset"/>
      <tool id="imtool" toolset_id="image_toolset"/>
   </toolset>
   <toolset id="mpc_toolset" template="true">
      <tool id="mpcDesigner" toolset_id="mpc_toolset"/>
   </toolset>
   <toolset id="imaq_toolset" template="true">
      <tool id="imaqtool" toolset_id="imaq_toolset"/>
   </toolset>
   <toolset id="compiler_toolset" template="true">
      <tool id="hadoopCompiler" toolset_id="compiler_toolset"/>
      <tool id="webApplicationCompiler" toolset_id="compiler_toolset"/>
      <tool id="applicationCompiler" toolset_id="compiler_toolset"/>
   </toolset>
</toolset>